"","age","val","game","type","players"
"1",1,0,"Honor_of_Kings","MOBA",6.7
"2",2,0,"Honor_of_Kings","MOBA",6.7
"3",3,0,"Honor_of_Kings","MOBA",6.7
"4",4,0,"Honor_of_Kings","MOBA",6.7
"5",5,0,"Honor_of_Kings","MOBA",6.7
"6",6,0.000199152279206815,"Honor_of_Kings","MOBA",6.7
"7",7,0.000942845928300308,"Honor_of_Kings","MOBA",6.7
"8",8,0.00200836112405447,"Honor_of_Kings","MOBA",6.7
"9",9,0.0034740527042743,"Honor_of_Kings","MOBA",6.7
"10",10,0.00540853958507288,"Honor_of_Kings","MOBA",6.7
"11",11,0.00785597492549793,"Honor_of_Kings","MOBA",6.7
"12",12,0.0108199431408322,"Honor_of_Kings","MOBA",6.7
"13",13,0.0142491725434375,"Honor_of_Kings","MOBA",6.7
"14",14,0.0180291014684892,"Honor_of_Kings","MOBA",6.7
"15",15,0.0219833623747195,"Honor_of_Kings","MOBA",6.7
"16",16,0.0258880951182428,"Honor_of_Kings","MOBA",6.7
"17",17,0.0294995494829911,"Honor_of_Kings","MOBA",6.7
"18",18,0.0325919663090856,"Honor_of_Kings","MOBA",6.7
"19",19,0.0349989910833174,"Honor_of_Kings","MOBA",6.7
"20",20,0.0366490266238263,"Honor_of_Kings","MOBA",6.7
"21",21,0.0375842335017841,"Honor_of_Kings","MOBA",6.7
"22",22,0.0379552391225723,"Honor_of_Kings","MOBA",6.7
"23",23,0.0379890626309503,"Honor_of_Kings","MOBA",6.7
"24",24,0.0379351938258526,"Honor_of_Kings","MOBA",6.7
"25",25,0.0380020386241221,"Honor_of_Kings","MOBA",6.7
"26",26,0.0383004956509236,"Honor_of_Kings","MOBA",6.7
"27",27,0.0388112100690333,"Honor_of_Kings","MOBA",6.7
"28",28,0.0393864499640864,"Honor_of_Kings","MOBA",6.7
"29",29,0.039787866959116,"Honor_of_Kings","MOBA",6.7
"30",30,0.0397505907098626,"Honor_of_Kings","MOBA",6.7
"31",31,0.0390557987238747,"Honor_of_Kings","MOBA",6.7
"32",32,0.0375910553781766,"Honor_of_Kings","MOBA",6.7
"33",33,0.0353814331608754,"Honor_of_Kings","MOBA",6.7
"34",34,0.0325834893621721,"Honor_of_Kings","MOBA",6.7
"35",35,0.0294454593544611,"Honor_of_Kings","MOBA",6.7
"36",36,0.0262467336660849,"Honor_of_Kings","MOBA",6.7
"37",37,0.0232347342629922,"Honor_of_Kings","MOBA",6.7
"38",38,0.0205764237506947,"Honor_of_Kings","MOBA",6.7
"39",39,0.0183357056626589,"Honor_of_Kings","MOBA",6.7
"40",40,0.0164793398584762,"Honor_of_Kings","MOBA",6.7
"41",41,0.0149057100345177,"Honor_of_Kings","MOBA",6.7
"42",42,0.0134853268128139,"Honor_of_Kings","MOBA",6.7
"43",43,0.0121005514938057,"Honor_of_Kings","MOBA",6.7
"44",44,0.0106744416114862,"Honor_of_Kings","MOBA",6.7
"45",45,0.00918346611961352,"Honor_of_Kings","MOBA",6.7
"46",46,0.0076542253482788,"Honor_of_Kings","MOBA",6.7
"47",47,0.00614853279979965,"Honor_of_Kings","MOBA",6.7
"48",48,0.00474326110968697,"Honor_of_Kings","MOBA",6.7
"49",49,0.00351110072804411,"Honor_of_Kings","MOBA",6.7
"50",50,0.00250645829260617,"Honor_of_Kings","MOBA",6.7
"51",51,0.0017581519147557,"Honor_of_Kings","MOBA",6.7
"52",52,0.00126832198669917,"Honor_of_Kings","MOBA",6.7
"53",53,0.00101567964416169,"Honor_of_Kings","MOBA",6.7
"54",54,0.000960976905556593,"Honor_of_Kings","MOBA",6.7
"55",55,0.00105310626805579,"Honor_of_Kings","MOBA",6.7
"56",1,0,"Onmyoji_Arena","MOBA",0.1
"57",2,0,"Onmyoji_Arena","MOBA",0.1
"58",3,0,"Onmyoji_Arena","MOBA",0.1
"59",4,0,"Onmyoji_Arena","MOBA",0.1
"60",5,0.000295115907897868,"Onmyoji_Arena","MOBA",0.1
"61",6,0.00114311550193791,"Onmyoji_Arena","MOBA",0.1
"62",7,0.00238246909190474,"Onmyoji_Arena","MOBA",0.1
"63",8,0.00411772453835353,"Onmyoji_Arena","MOBA",0.1
"64",9,0.00644381384885153,"Onmyoji_Arena","MOBA",0.1
"65",10,0.00942638276663709,"Onmyoji_Arena","MOBA",0.1
"66",11,0.0130797086403297,"Onmyoji_Arena","MOBA",0.1
"67",12,0.017346444331864,"Onmyoji_Arena","MOBA",0.1
"68",13,0.0220844683086768,"Onmyoji_Arena","MOBA",0.1
"69",14,0.0270659793983685,"Onmyoji_Arena","MOBA",0.1
"70",15,0.0319923619481258,"Onmyoji_Arena","MOBA",0.1
"71",16,0.0365253783635153,"Onmyoji_Arena","MOBA",0.1
"72",17,0.0403314664858382,"Onmyoji_Arena","MOBA",0.1
"73",18,0.0431321980347683,"Onmyoji_Arena","MOBA",0.1
"74",19,0.0447512809309134,"Onmyoji_Arena","MOBA",0.1
"75",20,0.0451477323230541,"Onmyoji_Arena","MOBA",0.1
"76",21,0.0444265316910404,"Onmyoji_Arena","MOBA",0.1
"77",22,0.0428221715235778,"Onmyoji_Arena","MOBA",0.1
"78",23,0.0406563999889195,"Onmyoji_Arena","MOBA",0.1
"79",24,0.0382778159319088,"Onmyoji_Arena","MOBA",0.1
"80",25,0.035996144007277,"Onmyoji_Arena","MOBA",0.1
"81",26,0.0340263222042222,"Onmyoji_Arena","MOBA",0.1
"82",27,0.0324558982013039,"Onmyoji_Arena","MOBA",0.1
"83",28,0.0312436692420259,"Onmyoji_Arena","MOBA",0.1
"84",29,0.0302493203175729,"Onmyoji_Arena","MOBA",0.1
"85",30,0.029285350598722,"Onmyoji_Arena","MOBA",0.1
"86",31,0.0281764683243366,"Onmyoji_Arena","MOBA",0.1
"87",32,0.0268098944851951,"Onmyoji_Arena","MOBA",0.1
"88",33,0.0251632607665192,"Onmyoji_Arena","MOBA",0.1
"89",34,0.0233039554648252,"Onmyoji_Arena","MOBA",0.1
"90",35,0.0213624837702795,"Onmyoji_Arena","MOBA",0.1
"91",36,0.0194898333273754,"Onmyoji_Arena","MOBA",0.1
"92",37,0.0178126997674406,"Onmyoji_Arena","MOBA",0.1
"93",38,0.0163997768738916,"Onmyoji_Arena","MOBA",0.1
"94",39,0.0152477478305838,"Onmyoji_Arena","MOBA",0.1
"95",40,0.0142889318033824,"Onmyoji_Arena","MOBA",0.1
"96",41,0.013416033083943,"Onmyoji_Arena","MOBA",0.1
"97",42,0.0125150786840267,"Onmyoji_Arena","MOBA",0.1
"98",43,0.0114964686312228,"Onmyoji_Arena","MOBA",0.1
"99",44,0.0103160173942536,"Onmyoji_Arena","MOBA",0.1
"100",45,0.0089818890926949,"Onmyoji_Arena","MOBA",0.1
"101",46,0.0075478810753152,"Onmyoji_Arena","MOBA",0.1
"102",47,0.00609711939852379,"Onmyoji_Arena","MOBA",0.1
"103",48,0.0047219675415886,"Onmyoji_Arena","MOBA",0.1
"104",49,0.003505654364443,"Onmyoji_Arena","MOBA",0.1
"105",50,0.00250932926227264,"Onmyoji_Arena","MOBA",0.1
"106",51,0.00176586712440069,"Onmyoji_Arena","MOBA",0.1
"107",52,0.00127967864164683,"Onmyoji_Arena","MOBA",0.1
"108",53,0.00103060863427474,"Onmyoji_Arena","MOBA",0.1
"109",54,0.00097983751059797,"Onmyoji_Arena","MOBA",0.1
"110",55,0.00107625301935922,"Onmyoji_Arena","MOBA",0.1
"111",1,0,"Mobile_League","MOBA",1.1
"112",2,0,"Mobile_League","MOBA",1.1
"113",3,0,"Mobile_League","MOBA",1.1
"114",4,0,"Mobile_League","MOBA",1.1
"115",5,0,"Mobile_League","MOBA",1.1
"116",6,0.000456744639024729,"Mobile_League","MOBA",1.1
"117",7,0.00137564345294209,"Mobile_League","MOBA",1.1
"118",8,0.00271906221366509,"Mobile_League","MOBA",1.1
"119",9,0.00460731664292079,"Mobile_League","MOBA",1.1
"120",10,0.00715687992381053,"Mobile_League","MOBA",1.1
"121",11,0.0104599287381364,"Mobile_League","MOBA",1.1
"122",12,0.014558976489961,"Mobile_League","MOBA",1.1
"123",13,0.0194203435595435,"Mobile_League","MOBA",1.1
"124",14,0.0249123124247668,"Mobile_League","MOBA",1.1
"125",15,0.0307950635841403,"Mobile_League","MOBA",1.1
"126",16,0.0367290311187696,"Mobile_League","MOBA",1.1
"127",17,0.0423055563335277,"Mobile_League","MOBA",1.1
"128",18,0.0470987061146127,"Mobile_League","MOBA",1.1
"129",19,0.0507308330155934,"Mobile_League","MOBA",1.1
"130",20,0.0529387266691677,"Mobile_League","MOBA",1.1
"131",21,0.0536242520154847,"Mobile_League","MOBA",1.1
"132",22,0.0528749275247901,"Mobile_League","MOBA",1.1
"133",23,0.0509463594171205,"Mobile_League","MOBA",1.1
"134",24,0.0482083934665718,"Mobile_League","MOBA",1.1
"135",25,0.0450672907150331,"Mobile_League","MOBA",1.1
"136",26,0.0418836231902533,"Mobile_League","MOBA",1.1
"137",27,0.0389071635256963,"Mobile_League","MOBA",1.1
"138",28,0.0362450063642503,"Mobile_League","MOBA",1.1
"139",29,0.033869077779719,"Mobile_League","MOBA",1.1
"140",30,0.031657457946232,"Mobile_League","MOBA",1.1
"141",31,0.0294545029800187,"Mobile_League","MOBA",1.1
"142",32,0.0271306076379924,"Mobile_League","MOBA",1.1
"143",33,0.0246246001275123,"Mobile_League","MOBA",1.1
"144",34,0.0219589582721076,"Mobile_League","MOBA",1.1
"145",35,0.019227423237975,"Mobile_League","MOBA",1.1
"146",36,0.0165628698563643,"Mobile_League","MOBA",1.1
"147",37,0.014097960380515,"Mobile_League","MOBA",1.1
"148",38,0.0119312095602337,"Mobile_League","MOBA",1.1
"149",39,0.0101073296401703,"Mobile_League","MOBA",1.1
"150",40,0.00861495520719132,"Mobile_League","MOBA",1.1
"151",41,0.00739923479537002,"Mobile_League","MOBA",1.1
"152",42,0.00638301562676598,"Mobile_League","MOBA",1.1
"153",43,0.00548920585423108,"Mobile_League","MOBA",1.1
"154",44,0.00465816030375597,"Mobile_League","MOBA",1.1
"155",45,0.00385668965511179,"Mobile_League","MOBA",1.1
"156",46,0.00307837617316822,"Mobile_League","MOBA",1.1
"157",47,0.00233729870412403,"Mobile_League","MOBA",1.1
"158",48,0.00165847348876192,"Mobile_League","MOBA",1.1
"159",49,0.00106826260888105,"Mobile_League","MOBA",1.1
"160",50,0.000587046172385308,"Mobile_League","MOBA",1.1
"161",51,0.000225142851630729,"Mobile_League","MOBA",1.1
"162",52,0,"Mobile_League","MOBA",1.1
"163",53,0,"Mobile_League","MOBA",1.1
"164",54,0,"Mobile_League","MOBA",1.1
"165",55,0,"Mobile_League","MOBA",1.1
"166",1,0,"Mobile_Crossfire","FPS",0.43
"167",2,0,"Mobile_Crossfire","FPS",0.43
"168",3,0,"Mobile_Crossfire","FPS",0.43
"169",4,0,"Mobile_Crossfire","FPS",0.43
"170",5,0,"Mobile_Crossfire","FPS",0.43
"171",6,5.43183863461568e-05,"Mobile_Crossfire","FPS",0.43
"172",7,0.000801484367376095,"Mobile_Crossfire","FPS",0.43
"173",8,0.00195132445820589,"Mobile_Crossfire","FPS",0.43
"174",9,0.00365209679062211,"Mobile_Crossfire","FPS",0.43
"175",10,0.00606685471050744,"Mobile_Crossfire","FPS",0.43
"176",11,0.00935250287173292,"Mobile_Crossfire","FPS",0.43
"177",12,0.0136283777459129,"Mobile_Crossfire","FPS",0.43
"178",13,0.0189371708949324,"Mobile_Crossfire","FPS",0.43
"179",14,0.0252049510189945,"Mobile_Crossfire","FPS",0.43
"180",15,0.0322105608611888,"Mobile_Crossfire","FPS",0.43
"181",16,0.0395761388674827,"Mobile_Crossfire","FPS",0.43
"182",17,0.0467884556686946,"Mobile_Crossfire","FPS",0.43
"183",18,0.0532545988182239,"Mobile_Crossfire","FPS",0.43
"184",19,0.0583862791720967,"Mobile_Crossfire","FPS",0.43
"185",20,0.0616972889399458,"Mobile_Crossfire","FPS",0.43
"186",21,0.0628919388203926,"Mobile_Crossfire","FPS",0.43
"187",22,0.0619217063280534,"Mobile_Crossfire","FPS",0.43
"188",23,0.0589940043115595,"Mobile_Crossfire","FPS",0.43
"189",24,0.0545293863799417,"Mobile_Crossfire","FPS",0.43
"190",25,0.049077732750147,"Mobile_Crossfire","FPS",0.43
"191",26,0.0432151633451455,"Mobile_Crossfire","FPS",0.43
"192",27,0.0374477659498214,"Mobile_Crossfire","FPS",0.43
"193",28,0.0321444135865901,"Mobile_Crossfire","FPS",0.43
"194",29,0.0275106790131127,"Mobile_Crossfire","FPS",0.43
"195",30,0.0236030217144045,"Mobile_Crossfire","FPS",0.43
"196",31,0.020371459388488,"Mobile_Crossfire","FPS",0.43
"197",32,0.0177131336713295,"Mobile_Crossfire","FPS",0.43
"198",33,0.0155196409490027,"Mobile_Crossfire","FPS",0.43
"199",34,0.0137065629227428,"Mobile_Crossfire","FPS",0.43
"200",35,0.0122216434462554,"Mobile_Crossfire","FPS",0.43
"201",36,0.0110355354307631,"Mobile_Crossfire","FPS",0.43
"202",37,0.0101237303071236,"Mobile_Crossfire","FPS",0.43
"203",38,0.00944925250071292,"Mobile_Crossfire","FPS",0.43
"204",39,0.00895337975154583,"Mobile_Crossfire","FPS",0.43
"205",40,0.00855741252014334,"Mobile_Crossfire","FPS",0.43
"206",41,0.00817406944719295,"Mobile_Crossfire","FPS",0.43
"207",42,0.0077238815703664,"Mobile_Crossfire","FPS",0.43
"208",43,0.00715079602585027,"Mobile_Crossfire","FPS",0.43
"209",44,0.00643210245266297,"Mobile_Crossfire","FPS",0.43
"210",45,0.00558013186426204,"Mobile_Crossfire","FPS",0.43
"211",46,0.00463596864191308,"Mobile_Crossfire","FPS",0.43
"212",47,0.00365770012032715,"Mobile_Crossfire","FPS",0.43
"213",48,0.00270687136131955,"Mobile_Crossfire","FPS",0.43
"214",49,0.00183666494153956,"Mobile_Crossfire","FPS",0.43
"215",50,0.00108418584158983,"Mobile_Crossfire","FPS",0.43
"216",51,0.000467661073437613,"Mobile_Crossfire","FPS",0.43
"217",52,0,"Mobile_Crossfire","FPS",0.43
"218",53,0,"Mobile_Crossfire","FPS",0.43
"219",54,0,"Mobile_Crossfire","FPS",0.43
"220",55,0,"Mobile_Crossfire","FPS",0.43
"221",1,0,"Mobile_PUBG","FPS",3.5
"222",2,0,"Mobile_PUBG","FPS",3.5
"223",3,0,"Mobile_PUBG","FPS",3.5
"224",4,0,"Mobile_PUBG","FPS",3.5
"225",5,0,"Mobile_PUBG","FPS",3.5
"226",6,0,"Mobile_PUBG","FPS",3.5
"227",7,0.000377838653630306,"Mobile_PUBG","FPS",3.5
"228",8,0.00113896292219152,"Mobile_PUBG","FPS",3.5
"229",9,0.0021754405658837,"Mobile_PUBG","FPS",3.5
"230",10,0.00352865980154317,"Mobile_PUBG","FPS",3.5
"231",11,0.00522117882593544,"Mobile_PUBG","FPS",3.5
"232",12,0.00724690990232948,"Mobile_PUBG","FPS",3.5
"233",13,0.00956373285235022,"Mobile_PUBG","FPS",3.5
"234",14,0.0120912889659111,"Mobile_PUBG","FPS",3.5
"235",15,0.014716369702957,"Mobile_PUBG","FPS",3.5
"236",16,0.0173071401821314,"Mobile_PUBG","FPS",3.5
"237",17,0.0197354456255615,"Mobile_PUBG","FPS",3.5
"238",18,0.0219039240343443,"Mobile_PUBG","FPS",3.5
"239",19,0.0237721689989803,"Mobile_PUBG","FPS",3.5
"240",20,0.0253745679660388,"Mobile_PUBG","FPS",3.5
"241",21,0.0268225515904094,"Mobile_PUBG","FPS",3.5
"242",22,0.0282864396939554,"Mobile_PUBG","FPS",3.5
"243",23,0.0299568491396403,"Mobile_PUBG","FPS",3.5
"244",24,0.0319918459170967,"Mobile_PUBG","FPS",3.5
"245",25,0.0344619239103199,"Mobile_PUBG","FPS",3.5
"246",26,0.0373082850031149,"Mobile_PUBG","FPS",3.5
"247",27,0.0403289282349747,"Mobile_PUBG","FPS",3.5
"248",28,0.0432010910370608,"Mobile_PUBG","FPS",3.5
"249",29,0.0455387686980576,"Mobile_PUBG","FPS",3.5
"250",30,0.0469732115134628,"Mobile_PUBG","FPS",3.5
"251",31,0.0472361433057934,"Mobile_PUBG","FPS",3.5
"252",32,0.0462231043915896,"Mobile_PUBG","FPS",3.5
"253",33,0.0440190733962325,"Mobile_PUBG","FPS",3.5
"254",34,0.0408791076263254,"Mobile_PUBG","FPS",3.5
"255",35,0.0371697263517328,"Mobile_PUBG","FPS",3.5
"256",36,0.0332878110059096,"Mobile_PUBG","FPS",3.5
"257",37,0.0295793288210834,"Mobile_PUBG","FPS",3.5
"258",38,0.0262786822424355,"Mobile_PUBG","FPS",3.5
"259",39,0.0234819231282749,"Mobile_PUBG","FPS",3.5
"260",40,0.0211563700305138,"Mobile_PUBG","FPS",3.5
"261",41,0.0191789760351981,"Mobile_PUBG","FPS",3.5
"262",42,0.0173891545206876,"Mobile_PUBG","FPS",3.5
"263",43,0.0156401809314984,"Mobile_PUBG","FPS",3.5
"264",44,0.0138364441079174,"Mobile_PUBG","FPS",3.5
"265",45,0.0119499895570747,"Mobile_PUBG","FPS",3.5
"266",46,0.0100166107825372,"Mobile_PUBG","FPS",3.5
"267",47,0.00811706271679723,"Mobile_PUBG","FPS",3.5
"268",48,0.00635152649288272,"Mobile_PUBG","FPS",3.5
"269",49,0.0048151031643339,"Mobile_PUBG","FPS",3.5
"270",50,0.0035796654466174,"Mobile_PUBG","FPS",3.5
"271",51,0.00268415191499154,"Mobile_PUBG","FPS",3.5
"272",52,0.00213259191556836,"Mobile_PUBG","FPS",3.5
"273",53,0.00189756940108256,"Mobile_PUBG","FPS",3.5
"274",54,0.00192659781765486,"Mobile_PUBG","FPS",3.5
"275",55,0.00214958115738644,"Mobile_PUBG","FPS",3.5
"276",1,0,"Ace_Force","FPS",0.044
"277",2,0,"Ace_Force","FPS",0.044
"278",3,0,"Ace_Force","FPS",0.044
"279",4,0,"Ace_Force","FPS",0.044
"280",5,8.29692219001369e-05,"Ace_Force","FPS",0.044
"281",6,0.000804498840991827,"Ace_Force","FPS",0.044
"282",7,0.00185574153096848,"Ace_Force","FPS",0.044
"283",8,0.00332235458242738,"Ace_Force","FPS",0.044
"284",9,0.00528028430252078,"Ace_Force","FPS",0.044
"285",10,0.00777909504128904,"Ace_Force","FPS",0.044
"286",11,0.0108237574935167,"Ace_Force","FPS",0.044
"287",12,0.014358676285968,"Ace_Force","FPS",0.044
"288",13,0.0182584996518332,"Ace_Force","FPS",0.044
"289",14,0.0223299266795067,"Ace_Force","FPS",0.044
"290",15,0.0263271074167292,"Ace_Force","FPS",0.044
"291",16,0.0299804891702016,"Ace_Force","FPS",0.044
"292",17,0.0330356446845073,"Ace_Force","FPS",0.044
"293",18,0.0352955216580896,"Ace_Force","FPS",0.044
"294",19,0.03665752704002,"Ace_Force","FPS",0.044
"295",20,0.0371365959050674,"Ace_Force","FPS",0.044
"296",21,0.0368672577988984,"Ace_Force","FPS",0.044
"297",22,0.0360816180158601,"Ace_Force","FPS",0.044
"298",23,0.0350655119458929,"Ace_Force","FPS",0.044
"299",24,0.034100750291465,"Ace_Force","FPS",0.044
"300",25,0.0334058700575258,"Ace_Force","FPS",0.044
"301",26,0.0330896316290494,"Ace_Force","FPS",0.044
"302",27,0.033129616944015,"Ace_Force","FPS",0.044
"303",28,0.0333826262942373,"Ace_Force","FPS",0.044
"304",29,0.0336253355165982,"Ace_Force","FPS",0.044
"305",30,0.0336151443235029,"Ace_Force","FPS",0.044
"306",31,0.0331550322783093,"Ace_Force","FPS",0.044
"307",32,0.0321447187245624,"Ace_Force","FPS",0.044
"308",33,0.0306042543721966,"Ace_Force","FPS",0.044
"309",34,0.0286642914149483,"Ace_Force","FPS",0.044
"310",35,0.0265271032262683,"Ace_Force","FPS",0.044
"311",36,0.0244107679104926,"Ace_Force","FPS",0.044
"312",37,0.0224931607359326,"Ace_Force","FPS",0.044
"313",38,0.0208713644909396,"Ace_Force","FPS",0.044
"314",39,0.0195464580491438,"Ace_Force","FPS",0.044
"315",40,0.018435496183877,"Ace_Force","FPS",0.044
"316",41,0.0174045875077693,"Ace_Force","FPS",0.044
"317",42,0.0163117089470832,"Ace_Force","FPS",0.044
"318",43,0.0150465701840016,"Ace_Force","FPS",0.044
"319",44,0.0135573738281169,"Ace_Force","FPS",0.044
"320",45,0.0118594200406862,"Ace_Force","FPS",0.044
"321",46,0.0100262552323066,"Ace_Force","FPS",0.044
"322",47,0.00816861456172691,"Ace_Force","FPS",0.044
"323",48,0.00640858298925516,"Ace_Force","FPS",0.044
"324",49,0.00485599319829938,"Ace_Force","FPS",0.044
"325",50,0.00359176685542847,"Ace_Force","FPS",0.044
"326",51,0.00265985856673703,"Ace_Force","FPS",0.044
"327",52,0.00206683799408879,"Ace_Force","FPS",0.044
"328",53,0.00178667874545603,"Ace_Force","FPS",0.044
"329",54,0.00176814580524079,"Ace_Force","FPS",0.044
"330",55,0.00194290583455059,"Ace_Force","FPS",0.044
"331",1,0,"Genshin_Impact","RPG",2
"332",2,0,"Genshin_Impact","RPG",2
"333",3,0,"Genshin_Impact","RPG",2
"334",4,0,"Genshin_Impact","RPG",2
"335",5,2.15237097288864e-05,"Genshin_Impact","RPG",2
"336",6,0.000704951204377098,"Genshin_Impact","RPG",2
"337",7,0.00170804532689393,"Genshin_Impact","RPG",2
"338",8,0.00311938035626178,"Genshin_Impact","RPG",2
"339",9,0.0050218744639169,"Genshin_Impact","RPG",2
"340",10,0.00747701276890692,"Genshin_Impact","RPG",2
"341",11,0.0105066153097736,"Genshin_Impact","RPG",2
"342",12,0.0140754298519161,"Genshin_Impact","RPG",2
"343",13,0.0180788496097035,"Genshin_Impact","RPG",2
"344",14,0.0223402047592065,"Genshin_Impact","RPG",2
"345",15,0.0266210421846146,"Genshin_Impact","RPG",2
"346",16,0.0306455567000623,"Genshin_Impact","RPG",2
"347",17,0.0341371802217848,"Genshin_Impact","RPG",2
"348",18,0.0368619096353404,"Genshin_Impact","RPG",2
"349",19,0.0386701194420849,"Genshin_Impact","RPG",2
"350",20,0.0395272721587957,"Genshin_Impact","RPG",2
"351",21,0.0395248372984622,"Genshin_Impact","RPG",2
"352",22,0.038866142941886,"Genshin_Impact","RPG",2
"353",23,0.0378274190331669,"Genshin_Impact","RPG",2
"354",24,0.0367007838856889,"Genshin_Impact","RPG",2
"355",25,0.0357315994531127,"Genshin_Impact","RPG",2
"356",26,0.0350655523371771,"Genshin_Impact","RPG",2
"357",27,0.0347196062817828,"Genshin_Impact","RPG",2
"358",28,0.0345853901878408,"Genshin_Impact","RPG",2
"359",29,0.0344648974774273,"Genshin_Impact","RPG",2
"360",30,0.0341291026930392,"Genshin_Impact","RPG",2
"361",31,0.033383247808861,"Genshin_Impact","RPG",2
"362",32,0.0321205013004986,"Genshin_Impact","RPG",2
"363",33,0.0303492786945743,"Genshin_Impact","RPG",2
"364",34,0.0281876216200631,"Genshin_Impact","RPG",2
"365",35,0.0258279745956353,"Genshin_Impact","RPG",2
"366",36,0.0234841979076214,"Genshin_Impact","RPG",2
"367",37,0.0213370448963604,"Genshin_Impact","RPG",2
"368",38,0.0194934767722454,"Genshin_Impact","RPG",2
"369",39,0.0179697744967458,"Genshin_Impact","RPG",2
"370",40,0.0167005515995448,"Genshin_Impact","RPG",2
"371",41,0.0155681609577849,"Genshin_Impact","RPG",2
"372",42,0.0144419243941504,"Genshin_Impact","RPG",2
"373",43,0.0132153091745434,"Genshin_Impact","RPG",2
"374",44,0.0118315042550876,"Genshin_Impact","RPG",2
"375",45,0.0102925693613935,"Genshin_Impact","RPG",2
"376",46,0.00865263882763477,"Genshin_Impact","RPG",2
"377",47,0.00699985892133693,"Genshin_Impact","RPG",2
"378",48,0.00543376125360932,"Genshin_Impact","RPG",2
"379",49,0.00404445038680939,"Genshin_Impact","RPG",2
"380",50,0.00289792578556603,"Genshin_Impact","RPG",2
"381",51,0.00202911559755474,"Genshin_Impact","RPG",2
"382",52,0.00144180604557248,"Genshin_Impact","RPG",2
"383",53,0.00111326491148735,"Genshin_Impact","RPG",2
"384",54,0.00100111696403877,"Genshin_Impact","RPG",2
"385",55,0.00105062417832846,"Genshin_Impact","RPG",2
"386",1,0,"Honkai_Impact","RPG",0.09
"387",2,0,"Honkai_Impact","RPG",0.09
"388",3,0,"Honkai_Impact","RPG",0.09
"389",4,0,"Honkai_Impact","RPG",0.09
"390",5,0.000302118180367387,"Honkai_Impact","RPG",0.09
"391",6,0.00116077683216449,"Honkai_Impact","RPG",0.09
"392",7,0.00242604213174479,"Honkai_Impact","RPG",0.09
"393",8,0.00421420277966462,"Honkai_Impact","RPG",0.09
"394",9,0.00663674384022556,"Honkai_Impact","RPG",0.09
"395",10,0.00978039596638818,"Honkai_Impact","RPG",0.09
"396",11,0.0136832969155571,"Honkai_Impact","RPG",0.09
"397",12,0.0183111057816347,"Honkai_Impact","RPG",0.09
"398",13,0.0235383772827624,"Honkai_Impact","RPG",0.09
"399",14,0.0291410053200123,"Honkai_Impact","RPG",0.09
"400",15,0.0348046318494407,"Honkai_Impact","RPG",0.09
"401",16,0.0401514409859384,"Honkai_Impact","RPG",0.09
"402",17,0.0447839894654341,"Honkai_Impact","RPG",0.09
"403",18,0.0483403734748507,"Honkai_Impact","RPG",0.09
"404",19,0.0505511562447023,"Honkai_Impact","RPG",0.09
"405",20,0.0512862714327775,"Honkai_Impact","RPG",0.09
"406",21,0.0505805745466474,"Honkai_Impact","RPG",0.09
"407",22,0.0486302737077482,"Honkai_Impact","RPG",0.09
"408",23,0.0457586947529856,"Honkai_Impact","RPG",0.09
"409",24,0.0423573320908746,"Honkai_Impact","RPG",0.09
"410",25,0.0388148255631208,"Honkai_Impact","RPG",0.09
"411",26,0.035450227551783,"Honkai_Impact","RPG",0.09
"412",27,0.0324662274198369,"Honkai_Impact","RPG",0.09
"413",28,0.0299327631298971,"Honkai_Impact","RPG",0.09
"414",29,0.0278030833673848,"Honkai_Impact","RPG",0.09
"415",30,0.0259553763253446,"Honkai_Impact","RPG",0.09
"416",31,0.0242463747585648,"Honkai_Impact","RPG",0.09
"417",32,0.022560966501992,"Honkai_Impact","RPG",0.09
"418",33,0.0208443892258071,"Honkai_Impact","RPG",0.09
"419",34,0.0191100057297654,"Honkai_Impact","RPG",0.09
"420",35,0.0174236521899218,"Honkai_Impact","RPG",0.09
"421",36,0.0158724748461301,"Honkai_Impact","RPG",0.09
"422",37,0.0145299421085387,"Honkai_Impact","RPG",0.09
"423",38,0.0134284839080162,"Honkai_Impact","RPG",0.09
"424",39,0.0125474939556154,"Honkai_Impact","RPG",0.09
"425",40,0.0118188070455646,"Honkai_Impact","RPG",0.09
"426",41,0.0111462133422874,"Honkai_Impact","RPG",0.09
"427",42,0.0104317944677815,"Honkai_Impact","RPG",0.09
"428",43,0.00960077863279936,"Honkai_Impact","RPG",0.09
"429",44,0.00861816409736254,"Honkai_Impact","RPG",0.09
"430",45,0.00749368420260835,"Honkai_Impact","RPG",0.09
"431",46,0.00627548793813575,"Honkai_Impact","RPG",0.09
"432",47,0.00503594325582071,"Honkai_Impact","RPG",0.09
"433",48,0.00385444221225402,"Honkai_Impact","RPG",0.09
"434",49,0.00280184728430405,"Honkai_Impact","RPG",0.09
"435",50,0.00192970288088089,"Honkai_Impact","RPG",0.09
"436",51,0.00126531128693619,"Honkai_Impact","RPG",0.09
"437",52,0.000812002282435925,"Honkai_Impact","RPG",0.09
"438",53,0.000552902816007534,"Honkai_Impact","RPG",0.09
"439",54,0.000456342545464306,"Honkai_Impact","RPG",0.09
"440",55,0.00048148554571721,"Honkai_Impact","RPG",0.09
"441",1,0,"Arknights","RPG",0.1
"442",2,0,"Arknights","RPG",0.1
"443",3,0,"Arknights","RPG",0.1
"444",4,0,"Arknights","RPG",0.1
"445",5,0.00045776131648971,"Arknights","RPG",0.1
"446",6,0.00140392110552806,"Arknights","RPG",0.1
"447",7,0.00278883131264483,"Arknights","RPG",0.1
"448",8,0.00473124110500328,"Arknights","RPG",0.1
"449",9,0.00734012316631027,"Arknights","RPG",0.1
"450",10,0.0106926495601734,"Arknights","RPG",0.1
"451",11,0.0148091179564238,"Arknights","RPG",0.1
"452",12,0.0196294260707169,"Arknights","RPG",0.1
"453",13,0.0249969304250192,"Arknights","RPG",0.1
"454",14,0.0306555005913645,"Arknights","RPG",0.1
"455",15,0.0362639509919395,"Arknights","RPG",0.1
"456",16,0.0414288873747042,"Arknights","RPG",0.1
"457",17,0.0457529050469441,"Arknights","RPG",0.1
"458",18,0.0488909514375366,"Arknights","RPG",0.1
"459",19,0.0506046013850526,"Arknights","RPG",0.1
"460",20,0.05080295938341,"Arknights","RPG",0.1
"461",21,0.0495604870499636,"Arknights","RPG",0.1
"462",22,0.0471062471131017,"Arknights","RPG",0.1
"463",23,0.0437851374503724,"Arknights","RPG",0.1
"464",24,0.0399982843509272,"Arknights","RPG",0.1
"465",25,0.0361351166479761,"Arknights","RPG",0.1
"466",26,0.0325120968150481,"Arknights","RPG",0.1
"467",27,0.0293316570819185,"Arknights","RPG",0.1
"468",28,0.02666970676271,"Arknights","RPG",0.1
"469",29,0.0244924837051108,"Arknights","RPG",0.1
"470",30,0.0226957283734972,"Arknights","RPG",0.1
"471",31,0.021153532721702,"Arknights","RPG",0.1
"472",32,0.0197624685098231,"Arknights","RPG",0.1
"473",33,0.0184691788645688,"Arknights","RPG",0.1
"474",34,0.01727555750248,"Arknights","RPG",0.1
"475",35,0.0162229247024563,"Arknights","RPG",0.1
"476",36,0.015362889227266,"Arknights","RPG",0.1
"477",37,0.0147259796256916,"Arknights","RPG",0.1
"478",38,0.0142988076686336,"Arknights","RPG",0.1
"479",39,0.0140169014021013,"Arknights","RPG",0.1
"480",40,0.0137748303538527,"Arknights","RPG",0.1
"481",41,0.0134497242279327,"Arknights","RPG",0.1
"482",42,0.0129304746480568,"Arknights","RPG",0.1
"483",43,0.0121438267532426,"Arknights","RPG",0.1
"484",44,0.0110702725377763,"Arknights","RPG",0.1
"485",45,0.00974631440312661,"Arknights","RPG",0.1
"486",46,0.00825390079968346,"Arknights","RPG",0.1
"487",47,0.00670124616073596,"Arknights","RPG",0.1
"488",48,0.00520088863043798,"Arknights","RPG",0.1
"489",49,0.00385049023311307,"Arknights","RPG",0.1
"490",50,0.00272002434665152,"Arknights","RPG",0.1
"491",51,0.00184652282342502,"Arknights","RPG",0.1
"492",52,0.00123539066761016,"Arknights","RPG",0.1
"493",53,0.000866046186963083,"Arknights","RPG",0.1
"494",54,0.000699447889617509,"Arknights","RPG",0.1
"495",55,0.000685655533165353,"Arknights","RPG",0.1
"496",1,0,"Clash_Royale","RTS",0.72
"497",2,0,"Clash_Royale","RTS",0.72
"498",3,0,"Clash_Royale","RTS",0.72
"499",4,0,"Clash_Royale","RTS",0.72
"500",5,0.000107017772245483,"Clash_Royale","RTS",0.72
"501",6,0.000833730938739364,"Clash_Royale","RTS",0.72
"502",7,0.0018860337074631,"Clash_Royale","RTS",0.72
"503",8,0.00334363860357686,"Clash_Royale","RTS",0.72
"504",9,0.00527335436335954,"Clash_Royale","RTS",0.72
"505",10,0.00771228351875328,"Clash_Royale","RTS",0.72
"506",11,0.0106503466327257,"Clash_Royale","RTS",0.72
"507",12,0.0140162055975333,"Clash_Royale","RTS",0.72
"508",13,0.0176711642863762,"Clash_Royale","RTS",0.72
"509",14,0.0214148906006608,"Clash_Royale","RTS",0.72
"510",15,0.0250047309014506,"Clash_Royale","RTS",0.72
"511",16,0.0281873208086642,"Clash_Royale","RTS",0.72
"512",17,0.0307378669705972,"Clash_Royale","RTS",0.72
"513",18,0.0324997901176827,"Clash_Royale","RTS",0.72
"514",19,0.0334161863504155,"Clash_Royale","RTS",0.72
"515",20,0.033545254243291,"Clash_Royale","RTS",0.72
"516",21,0.0330544789816017,"Clash_Royale","RTS",0.72
"517",22,0.0321925542362231,"Clash_Royale","RTS",0.72
"518",23,0.0312429892069836,"Clash_Royale","RTS",0.72
"519",24,0.0304680592403351,"Clash_Royale","RTS",0.72
"520",25,0.0300550454720371,"Clash_Royale","RTS",0.72
"521",26,0.0300774820674516,"Clash_Royale","RTS",0.72
"522",27,0.0304817017830922,"Clash_Royale","RTS",0.72
"523",28,0.0311034246937685,"Clash_Royale","RTS",0.72
"524",29,0.0317115584181238,"Clash_Royale","RTS",0.72
"525",30,0.0320687651246314,"Clash_Royale","RTS",0.72
"526",31,0.0319930813090609,"Clash_Royale","RTS",0.72
"527",32,0.0314038935601803,"Clash_Royale","RTS",0.72
"528",33,0.0303395732422044,"Clash_Royale","RTS",0.72
"529",34,0.0289420869961196,"Clash_Royale","RTS",0.72
"530",35,0.0274135103065601,"Clash_Royale","RTS",0.72
"531",36,0.0259575192401647,"Clash_Royale","RTS",0.72
"532",37,0.0247230107203491,"Clash_Royale","RTS",0.72
"533",38,0.0237657719677485,"Clash_Royale","RTS",0.72
"534",39,0.023038135076784,"Clash_Royale","RTS",0.72
"535",40,0.0224078947179903,"Clash_Royale","RTS",0.72
"536",41,0.0216992741600834,"Clash_Royale","RTS",0.72
"537",42,0.0207430062021115,"Clash_Royale","RTS",0.72
"538",43,0.019421187676523,"Clash_Royale","RTS",0.72
"539",44,0.0176955071677366,"Clash_Royale","RTS",0.72
"540",45,0.0156133820453731,"Clash_Royale","RTS",0.72
"541",46,0.013293298048878,"Clash_Royale","RTS",0.72
"542",47,0.0108960356374145,"Clash_Royale","RTS",0.72
"543",48,0.00859103761707204,"Clash_Royale","RTS",0.72
"544",49,0.0065266094579704,"Clash_Royale","RTS",0.72
"545",50,0.00480972352281416,"Clash_Royale","RTS",0.72
"546",51,0.00349733838452672,"Clash_Royale","RTS",0.72
"547",52,0.00259778278574473,"Clash_Royale","RTS",0.72
"548",53,0.00207882764899741,"Clash_Royale","RTS",0.72
"549",54,0.00187878134841549,"Clash_Royale","RTS",0.72
"550",55,0.00191785652139388,"Clash_Royale","RTS",0.72
"551",1,0,"Clash_of_Clans","RTS",1.7
"552",2,0,"Clash_of_Clans","RTS",1.7
"553",3,0,"Clash_of_Clans","RTS",1.7
"554",4,0,"Clash_of_Clans","RTS",1.7
"555",5,0.000228227414986985,"Clash_of_Clans","RTS",1.7
"556",6,0.00103184681328147,"Clash_of_Clans","RTS",1.7
"557",7,0.00220594260704545,"Clash_of_Clans","RTS",1.7
"558",8,0.00384919887294918,"Clash_of_Clans","RTS",1.7
"559",9,0.00605101977681946,"Clash_of_Clans","RTS",1.7
"560",10,0.00887292105965109,"Clash_of_Clans","RTS",1.7
"561",11,0.0123277204417192,"Clash_of_Clans","RTS",1.7
"562",12,0.0163605774952128,"Clash_of_Clans","RTS",1.7
"563",13,0.0208369092920381,"Clash_of_Clans","RTS",1.7
"564",14,0.0255420482043219,"Clash_of_Clans","RTS",1.7
"565",15,0.0301959415656937,"Clash_of_Clans","RTS",1.7
"566",16,0.0344833326022701,"Clash_of_Clans","RTS",1.7
"567",17,0.0380962314034232,"Clash_of_Clans","RTS",1.7
"568",18,0.0407819158175686,"Clash_of_Clans","RTS",1.7
"569",19,0.0423871442435748,"Clash_of_Clans","RTS",1.7
"570",20,0.0428885557992463,"Clash_of_Clans","RTS",1.7
"571",21,0.042400893652463,"Clash_of_Clans","RTS",1.7
"572",22,0.0411587230456602,"Clash_of_Clans","RTS",1.7
"573",23,0.0394731103198152,"Clash_of_Clans","RTS",1.7
"574",24,0.0376710420038099,"Clash_of_Clans","RTS",1.7
"575",25,0.0360305191421043,"Clash_of_Clans","RTS",1.7
"576",26,0.0347265693334693,"Clash_of_Clans","RTS",1.7
"577",27,0.0338017406855819,"Clash_of_Clans","RTS",1.7
"578",28,0.0331689344052106,"Clash_of_Clans","RTS",1.7
"579",29,0.0326459918294338,"Clash_of_Clans","RTS",1.7
"580",30,0.0320126734317746,"Clash_of_Clans","RTS",1.7
"581",31,0.0310743189118507,"Clash_of_Clans","RTS",1.7
"582",32,0.0297147113545121,"Clash_of_Clans","RTS",1.7
"583",33,0.0279241746112939,"Clash_of_Clans","RTS",1.7
"584",34,0.025796609137869,"Clash_of_Clans","RTS",1.7
"585",35,0.0234984849394468,"Clash_of_Clans","RTS",1.7
"586",36,0.0212207224213459,"Clash_of_Clans","RTS",1.7
"587",37,0.0191284628800109,"Clash_of_Clans","RTS",1.7
"588",38,0.0173229515049631,"Clash_of_Clans","RTS",1.7
"589",39,0.0158247971270604,"Clash_of_Clans","RTS",1.7
"590",40,0.0145807000664179,"Clash_of_Clans","RTS",1.7
"591",41,0.0134888124585641,"Clash_of_Clans","RTS",1.7
"592",42,0.0124332956111326,"Clash_of_Clans","RTS",1.7
"593",43,0.0113174403208541,"Clash_of_Clans","RTS",1.7
"594",44,0.0100867796986531,"Clash_of_Clans","RTS",1.7
"595",45,0.00873781787240111,"Clash_of_Clans","RTS",1.7
"596",46,0.00731270656760495,"Clash_of_Clans","RTS",1.7
"597",47,0.00588391840637588,"Clash_of_Clans","RTS",1.7
"598",48,0.00453476229404537,"Clash_of_Clans","RTS",1.7
"599",49,0.00334131797270449,"Clash_of_Clans","RTS",1.7
"600",50,0.00235958037006987,"Clash_of_Clans","RTS",1.7
"601",51,0.00161922052269274,"Clash_of_Clans","RTS",1.7
"602",52,0.0011232906799008,"Clash_of_Clans","RTS",1.7
"603",53,0.000851999113586188,"Clash_of_Clans","RTS",1.7
"604",54,0.000768470876276316,"Clash_of_Clans","RTS",1.7
"605",55,0.000824923021242747,"Clash_of_Clans","RTS",1.7
"606",1,0,"Carrot_Fantasy","RTS",1.8
"607",2,0,"Carrot_Fantasy","RTS",1.8
"608",3,0,"Carrot_Fantasy","RTS",1.8
"609",4,0,"Carrot_Fantasy","RTS",1.8
"610",5,1.80436357629349e-06,"Carrot_Fantasy","RTS",1.8
"611",6,0.00068702291191753,"Carrot_Fantasy","RTS",1.8
"612",7,0.00170731222833854,"Carrot_Fantasy","RTS",1.8
"613",8,0.00316618127769045,"Carrot_Fantasy","RTS",1.8
"614",9,0.00516843556486024,"Carrot_Fantasy","RTS",1.8
"615",10,0.0078043315684112,"Carrot_Fantasy","RTS",1.8
"616",11,0.0111292498099432,"Carrot_Fantasy","RTS",1.8
"617",12,0.0151415506513504,"Carrot_Fantasy","RTS",1.8
"618",13,0.0197628820003412,"Carrot_Fantasy","RTS",1.8
"619",14,0.0248262663783367,"Carrot_Fantasy","RTS",1.8
"620",15,0.0300772656694367,"Carrot_Fantasy","RTS",1.8
"621",16,0.0351919952352299,"Carrot_Fantasy","RTS",1.8
"622",17,0.0398126469699504,"Carrot_Fantasy","RTS",1.8
"623",18,0.0435968836793289,"Carrot_Fantasy","RTS",1.8
"624",19,0.0462729342948671,"Carrot_Fantasy","RTS",1.8
"625",20,0.0476888185052892,"Carrot_Fantasy","RTS",1.8
"626",21,0.047843282574023,"Carrot_Fantasy","RTS",1.8
"627",22,0.0468886762278117,"Carrot_Fantasy","RTS",1.8
"628",23,0.0451020796650786,"Carrot_Fantasy","RTS",1.8
"629",24,0.0428291775750896,"Carrot_Fantasy","RTS",1.8
"630",25,0.0404133149309228,"Carrot_Fantasy","RTS",1.8
"631",26,0.0381271822469054,"Carrot_Fantasy","RTS",1.8
"632",27,0.0361246686271515,"Carrot_Fantasy","RTS",1.8
"633",28,0.0344251356600445,"Carrot_Fantasy","RTS",1.8
"634",29,0.032933129943284,"Carrot_Fantasy","RTS",1.8
"635",30,0.031486274835297,"Carrot_Fantasy","RTS",1.8
"636",31,0.0299161355906639,"Carrot_Fantasy","RTS",1.8
"637",32,0.0281038313661195,"Carrot_Fantasy","RTS",1.8
"638",33,0.0260149308364316,"Carrot_Fantasy","RTS",1.8
"639",34,0.0237055534052939,"Carrot_Fantasy","RTS",1.8
"640",35,0.0213009191964187,"Carrot_Fantasy","RTS",1.8
"641",36,0.0189556863889115,"Carrot_Fantasy","RTS",1.8
"642",37,0.0168098018861521,"Carrot_Fantasy","RTS",1.8
"643",38,0.0149532727183444,"Carrot_Fantasy","RTS",1.8
"644",39,0.013408907576123,"Carrot_Fantasy","RTS",1.8
"645",40,0.0121355760659578,"Carrot_Fantasy","RTS",1.8
"646",41,0.0110482071681767,"Carrot_Fantasy","RTS",1.8
"647",42,0.010046513750674,"Carrot_Fantasy","RTS",1.8
"648",43,0.00904324142976288,"Carrot_Fantasy","RTS",1.8
"649",44,0.00798444406731644,"Carrot_Fantasy","RTS",1.8
"650",45,0.00685786026872914,"Carrot_Fantasy","RTS",1.8
"651",46,0.00568948518970883,"Carrot_Fantasy","RTS",1.8
"652",47,0.00453160407912516,"Carrot_Fantasy","RTS",1.8
"653",48,0.00344709853334756,"Carrot_Fantasy","RTS",1.8
"654",49,0.00249464557976863,"Carrot_Fantasy","RTS",1.8
"655",50,0.00171797260657069,"Carrot_Fantasy","RTS",1.8
"656",51,0.00114037985186744,"Carrot_Fantasy","RTS",1.8
"657",52,0.000764043813275461,"Carrot_Fantasy","RTS",1.8
"658",53,0.000572637829249765,"Carrot_Fantasy","RTS",1.8
"659",54,0.00053563934592638,"Carrot_Fantasy","RTS",1.8
"660",55,0.000613108061608324,"Carrot_Fantasy","RTS",1.8
"661",1,0,"Onmyoji","TBRPG",0.082
"662",2,0,"Onmyoji","TBRPG",0.082
"663",3,0,"Onmyoji","TBRPG",0.082
"664",4,0,"Onmyoji","TBRPG",0.082
"665",5,0,"Onmyoji","TBRPG",0.082
"666",6,0.000605606152532538,"Onmyoji","TBRPG",0.082
"667",7,0.00160634696594851,"Onmyoji","TBRPG",0.082
"668",8,0.00305856170725724,"Onmyoji","TBRPG",0.082
"669",9,0.00508372501407755,"Onmyoji","TBRPG",0.082
"670",10,0.00779566814982772,"Onmyoji","TBRPG",0.082
"671",11,0.0112790290160372,"Onmyoji","TBRPG",0.082
"672",12,0.0155635070089004,"Onmyoji","TBRPG",0.082
"673",13,0.0205980194441087,"Onmyoji","TBRPG",0.082
"674",14,0.0262307214121665,"Onmyoji","TBRPG",0.082
"675",15,0.0322017531997256,"Onmyoji","TBRPG",0.082
"676",16,0.0381547722619006,"Onmyoji","TBRPG",0.082
"677",17,0.0436703539217188,"Onmyoji","TBRPG",0.082
"678",18,0.0483193743235272,"Onmyoji","TBRPG",0.082
"679",19,0.0517285231383993,"Onmyoji","TBRPG",0.082
"680",20,0.0536448828335246,"Onmyoji","TBRPG",0.082
"681",21,0.0539840805521203,"Onmyoji","TBRPG",0.082
"682",22,0.0528483936421225,"Onmyoji","TBRPG",0.082
"683",23,0.0505076178186984,"Onmyoji","TBRPG",0.082
"684",24,0.0473450572708339,"Onmyoji","TBRPG",0.082
"685",25,0.0437808292912858,"Onmyoji","TBRPG",0.082
"686",26,0.0401914815018628,"Onmyoji","TBRPG",0.082
"687",27,0.0368461831808768,"Onmyoji","TBRPG",0.082
"688",28,0.0338748101303862,"Onmyoji","TBRPG",0.082
"689",29,0.0312736357509888,"Onmyoji","TBRPG",0.082
"690",30,0.0289432814869509,"Onmyoji","TBRPG",0.082
"691",31,0.0267447441138741,"Onmyoji","TBRPG",0.082
"692",32,0.0245554758799498,"Onmyoji","TBRPG",0.082
"693",33,0.0223095408004632,"Onmyoji","TBRPG",0.082
"694",34,0.0200126241821651,"Onmyoji","TBRPG",0.082
"695",35,0.0177314667131344,"Onmyoji","TBRPG",0.082
"696",36,0.0155650664144152,"Onmyoji","TBRPG",0.082
"697",37,0.0136093947108447,"Onmyoji","TBRPG",0.082
"698",38,0.0119274910803466,"Onmyoji","TBRPG",0.082
"699",39,0.0105332544527235,"Onmyoji","TBRPG",0.082
"700",40,0.00939174561361823,"Onmyoji","TBRPG",0.082
"701",41,0.00843339875601278,"Onmyoji","TBRPG",0.082
"702",42,0.00757586796173389,"Onmyoji","TBRPG",0.082
"703",43,0.00674611064865962,"Onmyoji","TBRPG",0.082
"704",44,0.0058965937338189,"Onmyoji","TBRPG",0.082
"705",45,0.00501233908898286,"Onmyoji","TBRPG",0.082
"706",46,0.00410873358711016,"Onmyoji","TBRPG",0.082
"707",47,0.00322256618737547,"Onmyoji","TBRPG",0.082
"708",48,0.00239999953720447,"Onmyoji","TBRPG",0.082
"709",49,0.00168505798831831,"Onmyoji","TBRPG",0.082
"710",50,0.00111109538027704,"Onmyoji","TBRPG",0.082
"711",51,0.000696205582293799,"Onmyoji","TBRPG",0.082
"712",52,0.000442241775450412,"Onmyoji","TBRPG",0.082
"713",53,0.000336377940626563,"Onmyoji","TBRPG",0.082
"714",54,0.000354038827711479,"Onmyoji","TBRPG",0.082
"715",55,0.000462353867110345,"Onmyoji","TBRPG",0.082
"716",1,0,"Fantasy_Westward_Journey","TBRPG",0.119
"717",2,0,"Fantasy_Westward_Journey","TBRPG",0.119
"718",3,0,"Fantasy_Westward_Journey","TBRPG",0.119
"719",4,0,"Fantasy_Westward_Journey","TBRPG",0.119
"720",5,0,"Fantasy_Westward_Journey","TBRPG",0.119
"721",6,0,"Fantasy_Westward_Journey","TBRPG",0.119
"722",7,2.8844668125795e-05,"Fantasy_Westward_Journey","TBRPG",0.119
"723",8,0.000768278741560085,"Fantasy_Westward_Journey","TBRPG",0.119
"724",9,0.00190184537571404,"Fantasy_Westward_Journey","TBRPG",0.119
"725",10,0.00356461885565217,"Fantasy_Westward_Journey","TBRPG",0.119
"726",11,0.00589534009185215,"Fantasy_Westward_Journey","TBRPG",0.119
"727",12,0.00901238310191256,"Fantasy_Westward_Journey","TBRPG",0.119
"728",13,0.0129821306575344,"Fantasy_Westward_Journey","TBRPG",0.119
"729",14,0.0177850582165879,"Fantasy_Westward_Journey","TBRPG",0.119
"730",15,0.023288164613586,"Fantasy_Westward_Journey","TBRPG",0.119
"731",16,0.0292340300570257,"Fantasy_Westward_Journey","TBRPG",0.119
"732",17,0.0352552847453383,"Fantasy_Westward_Journey","TBRPG",0.119
"733",18,0.0409180017655014,"Fantasy_Westward_Journey","TBRPG",0.119
"734",19,0.0457892908704543,"Fantasy_Westward_Journey","TBRPG",0.119
"735",20,0.0495155292058766,"Fantasy_Westward_Journey","TBRPG",0.119
"736",21,0.0518915175061073,"Fantasy_Westward_Journey","TBRPG",0.119
"737",22,0.0529003630855336,"Fantasy_Westward_Journey","TBRPG",0.119
"738",23,0.0527103008392305,"Fantasy_Westward_Journey","TBRPG",0.119
"739",24,0.0516266150998123,"Fantasy_Westward_Journey","TBRPG",0.119
"740",25,0.0500105679464613,"Fantasy_Westward_Journey","TBRPG",0.119
"741",26,0.0481879303678267,"Fantasy_Westward_Journey","TBRPG",0.119
"742",27,0.0463733249115554,"Fantasy_Westward_Journey","TBRPG",0.119
"743",28,0.0446315941863238,"Fantasy_Westward_Journey","TBRPG",0.119
"744",29,0.0428854714912096,"Fantasy_Westward_Journey","TBRPG",0.119
"745",30,0.0409641797160927,"Fantasy_Westward_Journey","TBRPG",0.119
"746",31,0.0386753568003345,"Fantasy_Westward_Journey","TBRPG",0.119
"747",32,0.0358769486107603,"Fantasy_Westward_Journey","TBRPG",0.119
"748",33,0.0325279111460051,"Fantasy_Westward_Journey","TBRPG",0.119
"749",34,0.0287052696069582,"Fantasy_Westward_Journey","TBRPG",0.119
"750",35,0.0245866888979533,"Fantasy_Westward_Journey","TBRPG",0.119
"751",36,0.0204080170598054,"Fantasy_Westward_Journey","TBRPG",0.119
"752",37,0.0164110814465824,"Fantasy_Westward_Journey","TBRPG",0.119
"753",38,0.0127971887696179,"Fantasy_Westward_Journey","TBRPG",0.119
"754",39,0.00969726998272507,"Fantasy_Westward_Journey","TBRPG",0.119
"755",40,0.00716278157008541,"Fantasy_Westward_Journey","TBRPG",0.119
"756",41,0.00517496779460594,"Fantasy_Westward_Journey","TBRPG",0.119
"757",42,0.00366583565370271,"Fantasy_Westward_Journey","TBRPG",0.119
"758",43,0.0025429166345895,"Fantasy_Westward_Journey","TBRPG",0.119
"759",44,0.00171116248887433,"Fantasy_Westward_Journey","TBRPG",0.119
"760",45,0.00108803586247455,"Fantasy_Westward_Journey","TBRPG",0.119
"761",46,0.000610783988475943,"Fantasy_Westward_Journey","TBRPG",0.119
"762",47,0.000237117569574689,"Fantasy_Westward_Journey","TBRPG",0.119
"763",48,0,"Fantasy_Westward_Journey","TBRPG",0.119
"764",49,0,"Fantasy_Westward_Journey","TBRPG",0.119
"765",50,0,"Fantasy_Westward_Journey","TBRPG",0.119
"766",51,0,"Fantasy_Westward_Journey","TBRPG",0.119
"767",52,0,"Fantasy_Westward_Journey","TBRPG",0.119
"768",53,0,"Fantasy_Westward_Journey","TBRPG",0.119
"769",54,0,"Fantasy_Westward_Journey","TBRPG",0.119
"770",55,0,"Fantasy_Westward_Journey","TBRPG",0.119
"771",1,0,"Heartstone","TBRPG",0.078
"772",2,0,"Heartstone","TBRPG",0.078
"773",3,0,"Heartstone","TBRPG",0.078
"774",4,0,"Heartstone","TBRPG",0.078
"775",5,0,"Heartstone","TBRPG",0.078
"776",6,0.000448151587169354,"Heartstone","TBRPG",0.078
"777",7,0.00138203540265294,"Heartstone","TBRPG",0.078
"778",8,0.00276331225165176,"Heartstone","TBRPG",0.078
"779",9,0.00472823385650704,"Heartstone","TBRPG",0.078
"780",10,0.00741407802798263,"Heartstone","TBRPG",0.078
"781",11,0.0109371151194623,"Heartstone","TBRPG",0.078
"782",12,0.0153637447792315,"Heartstone","TBRPG",0.078
"783",13,0.0206785328161654,"Heartstone","TBRPG",0.078
"784",14,0.0267556304667225,"Heartstone","TBRPG",0.078
"785",15,0.0333420309572245,"Heartstone","TBRPG",0.078
"786",16,0.0400611876028796,"Heartstone","TBRPG",0.078
"787",17,0.0464428014544924,"Heartstone","TBRPG",0.078
"788",18,0.0519789676570888,"Heartstone","TBRPG",0.078
"789",19,0.0561993824785286,"Heartstone","TBRPG",0.078
"790",20,0.0587511162510157,"Heartstone","TBRPG",0.078
"791",21,0.0594642451008609,"Heartstone","TBRPG",0.078
"792",22,0.058385600891231,"Heartstone","TBRPG",0.078
"793",23,0.0557696668410295,"Heartstone","TBRPG",0.078
"794",24,0.0520266902759442,"Heartstone","TBRPG",0.078
"795",25,0.0476400341482487,"Heartstone","TBRPG",0.078
"796",26,0.0430736021896112,"Heartstone","TBRPG",0.078
"797",27,0.0386927127197635,"Heartstone","TBRPG",0.078
"798",28,0.0347171237741547,"Heartstone","TBRPG",0.078
"799",29,0.0312146899653515,"Heartstone","TBRPG",0.078
"800",30,0.028131959644244,"Heartstone","TBRPG",0.078
"801",31,0.025348010831216,"Heartstone","TBRPG",0.078
"802",32,0.0227330439121081,"Heartstone","TBRPG",0.078
"803",33,0.0201946871210553,"Heartstone","TBRPG",0.078
"804",34,0.0177013906442447,"Heartstone","TBRPG",0.078
"805",35,0.0152809288242811,"Heartstone","TBRPG",0.078
"806",36,0.0129997945195165,"Heartstone","TBRPG",0.078
"807",37,0.0109338396275397,"Heartstone","TBRPG",0.078
"808",38,0.00914103028952796,"Heartstone","TBRPG",0.078
"809",39,0.00764427008508253,"Heartstone","TBRPG",0.078
"810",40,0.00642751334862082,"Heartstone","TBRPG",0.078
"811",41,0.00544370356156068,"Heartstone","TBRPG",0.078
"812",42,0.00462986808486583,"Heartstone","TBRPG",0.078
"813",43,0.00392362573084121,"Heartstone","TBRPG",0.078
"814",44,0.003276247510011,"Heartstone","TBRPG",0.078
"815",45,0.00265951683589876,"Heartstone","TBRPG",0.078
"816",46,0.00206603021376678,"Heartstone","TBRPG",0.078
"817",47,0.00150447251914016,"Heartstone","TBRPG",0.078
"818",48,0.000992355465221893,"Heartstone","TBRPG",0.078
"819",49,0.000548688627306853,"Heartstone","TBRPG",0.078
"820",50,0.000188335988979865,"Heartstone","TBRPG",0.078
"821",51,0,"Heartstone","TBRPG",0.078
"822",52,0,"Heartstone","TBRPG",0.078
"823",53,0,"Heartstone","TBRPG",0.078
"824",54,0,"Heartstone","TBRPG",0.078
"825",55,0,"Heartstone","TBRPG",0.078
